7.070362921020571e+119,7.070362921020571e+119,7.070362921020571e+119,0.02
2.252876059515206e+118,2.252876059515206e+118,2.252876059515206e+118,0.1
1.1668937168584115e+116,1.1668937168584115e+116,1.1668937168584115e+116,0.19
8.817837187862697e+113,8.817837187862697e+113,8.817837187862697e+113,0.27
2.2125323598081816e+111,2.2125323598081816e+111,2.2125323598081816e+111,0.35
2.225054447966607e+109,2.225054447966607e+109,2.225054447966607e+109,0.43
1.5666580960036303e+108,1.5666580960036303e+108,1.5666580960036303e+108,0.52
1.9134578938824597e+105,1.9134578938824597e+105,1.9134578938824597e+105,0.6
6.142446978402367e+102,6.142446978402367e+102,6.142446978402367e+102,0.69
4.445549747027691e+100,4.445549747027691e+100,4.445549747027691e+100,0.77
5.533836062369485e+97,5.533836062369485e+97,5.533836062369485e+97,0.85
1.3870972390797163e+96,1.3870972390797163e+96,1.3870972390797163e+96,0.94
3.4744875839702577e+93,3.4744875839702577e+93,3.4744875839702577e+93,1.02
5.033250798628811e+90,5.033250798628811e+90,5.033250798628811e+90,1.11
2.0394170914240316e+88,2.0394170914240316e+88,2.0394170914240316e+88,1.2
1.1676637827954236e+86,1.1676637827954236e+86,1.1676637827954236e+86,1.28
4.345901259985812e+83,4.345901259985812e+83,4.345901259985812e+83,1.37
2.61603642242647e+81,2.61603642242647e+81,2.61603642242647e+81,1.46
3.003708992477192e+79,3.003708992477192e+79,3.003708992477192e+79,1.54
2.465498590299854e+77,2.465498590299854e+77,2.465498590299854e+77,1.63
1.7980275693057444e+75,1.7980275693057444e+75,1.7980275693057444e+75,1.72
7.009296545225341e+72,7.009296545225341e+72,7.009296545225341e+72,1.8
7.21663506481973e+70,7.21663506481973e+70,7.21663506481973e+70,1.89
4.882835614230248e+68,4.882835614230248e+68,4.882835614230248e+68,1.98
2.4181728095946867e+66,2.4181728095946867e+66,2.4181728095946867e+66,2.07
1.3530829296954148e+64,1.3530829296954148e+64,1.3530829296954148e+64,2.16
9.616843651162749e+61,9.616843651162749e+61,9.616843651162749e+61,2.24
7.857708059254949e+59,7.857708059254949e+59,7.857708059254949e+59,2.33
3.879542320663546e+57,3.879542320663546e+57,3.879542320663546e+57,2.41
2.575180158741218e+55,2.575180158741218e+55,2.575180158741218e+55,2.5
1.5993069748392639e+53,1.5993069748392639e+53,1.5993069748392639e+53,2.59
1.3357656725657316e+51,1.3357656725657316e+51,1.3357656725657316e+51,2.68
9.98855013406943e+48,9.98855013406943e+48,9.98855013406943e+48,2.76
6.235468370095094e+46,6.235468370095094e+46,6.235468370095094e+46,2.85
4.516220079108593e+44,4.516220079108593e+44,4.516220079108593e+44,2.94
3.185549132097723e+42,3.185549132097723e+42,3.185549132097723e+42,3.02
2.616754075249666e+40,2.616754075249666e+40,2.616754075249666e+40,3.11
2.064148556548925e+38,2.064148556548925e+38,2.064148556548925e+38,3.2
1.8670938892877208e+36,1.8670938892877208e+36,1.8670938892877208e+36,3.28
1.5699665812976966e+34,1.5699665812976966e+34,1.5699665812976966e+34,3.37
1.6603857703772043e+32,1.6603857703772043e+32,1.6603857703772043e+32,3.46
1.4138584121749417e+30,1.4138584121749417e+30,1.4138584121749417e+30,3.55
1.5313906457056397e+28,1.5313906457056397e+28,1.5313906457056397e+28,3.64
1.8757339331181275e+26,1.8757339331181275e+26,1.8757339331181275e+26,3.72
2.3817602671658313e+24,2.3817602671658313e+24,2.3817602671658313e+24,3.81
3.3369325436041416e+22,3.3369325436041416e+22,3.3369325436041416e+22,3.9
5.190405861131438e+20,5.190405861131438e+20,5.190405861131438e+20,3.99
9.209358968145396e+18,9.209358968145396e+18,9.209358968145396e+18,4.07
1.859075961320938e+17,1.859075961320938e+17,1.859075961320938e+17,4.16
4403907371488576.5,4403907371488576.5,4403907371488576.5,4.25
121058339056086.92,121058339056086.92,121058339056086.92,4.33
4032780539402.5283,4032780539402.5283,4032780539402.5283,4.42
161303906252.5821,161303906252.58212,161303906252.5821,4.5
7905839982.22336,7905839982.223411,7905839982.223357,4.59
469364632.7033974,469364632.7035271,469364632.7033827,4.68
33997441.23392491,33997441.23421765,33997441.23387422,4.76
3051797.7451966302,3051797.745840776,3051797.7450340474,4.85
338535.930753203,338535.9320224242,338535.9303055051,4.94
46263.95562083973,46263.95794555421,46263.954513922385,5.03
7790.7289400862755,7790.732521592029,7790.726613944371,5.11
1601.875548011934,1601.8810000505616,1601.870697551774,5.2
396.4461388889844,396.4532683604856,396.4373686106796,5.28
116.56584632723798,116.5742395819055,116.55076174890057,5.37
39.998485651175436,40.00417264664735,39.972231281920045,5.45
15.936785432440374,15.93835614234984,15.896921654223524,5.54
7.277979102907457,7.274533681570498,7.222877677379648,5.63
3.7885527316577043,3.7800524049871074,3.719851772242949,5.71
2.2466772551669236,2.233575392507817,2.1658034543647653,5.79
1.5096966601494493,1.4926841453010518,1.4182131962067182,5.88
1.1247655443339812,1.104816631315693,1.0257416909516497,5.96
0.9096375270746448,0.8876474196544932,0.8053319025740534,6.05
0.7828188501758779,0.7592753989096879,0.674409026142652,6.13
0.7024790492737011,0.6777988309622613,0.5912385820015138,6.22
0.6473089549113555,0.6218245888293203,0.5344067174909226,6.3
0.5891009629932566,0.5634942414148171,0.47445503131314776,6.39
0.5645053880615067,0.5382940276262964,0.4492217496216404,6.47
0.5583504876337455,0.5304458690311853,0.43863596742965744,6.55
0.5457541745744856,0.5170709489825167,0.4244253636020527,6.64
0.5369348389767786,0.5071984162191533,0.41364110416900834,6.72
0.5354787806386998,0.5041472940606123,0.4086042394656411,6.8
0.5359556444871058,0.5030756816628725,0.40545708720193113,6.89
0.5352091991163967,0.5010382253149439,0.4018682793276239,6.97
0.5360349108973179,0.5005365284125598,0.3996410653656164,7.05
0.5385549196196686,0.5017056438301108,0.39886654005881134,7.14
0.5407537326435643,0.502690244590489,0.39814807466677515,7.22
0.5443594947603798,0.5049190780742533,0.3984736724003766,7.3
0.5486549368243522,0.5079310642911667,0.3995179357134242,7.39
0.5520710137980321,0.5102514753506239,0.40017392315381495,7.47
0.5557991098353201,0.5128900748707291,0.4011662594599639,7.55
0.5596615975322816,0.5156656385204574,0.4023413114214831,7.63
0.5645239153503482,0.5194195823916979,0.4042970721705932,7.72
0.5688734680103952,0.5227715108710335,0.4060342580771463,7.8
0.5723780329206016,0.5253961066582611,0.4073029885111776,7.88
0.5757148159410812,0.5278887764254232,0.40851948968638885,7.96
0.5792176904207514,0.5305810244622597,0.40992341848436725,8.05
0.5825005114416439,0.5330977609330239,0.41125934337506054,8.13
0.5863498796552051,0.5361918736291781,0.41305413179879696,8.21
0.5898073640091502,0.5389366819005731,0.4146335478371555,8.29
0.5930356857440741,0.5415036983351771,0.4161175493075524,8.37
0.5955898737931764,0.5434636823260127,0.4171911621092385,8.46
0.5980689196100409,0.5454248528413707,0.41828641182695864,8.54
0.6006149634876704,0.5474172452139396,0.4194301704641624,8.62
0.6029561409230191,0.5492562961680345,0.4204741951358307,8.7
0.6048515407222659,0.5507278802900176,0.4212900845163387,8.78
0.60671575579987,0.5521925219645338,0.4221245238752498,8.86
0.6086192756969379,0.5537102573745271,0.4230092978930458,8.94
0.6105289010357868,0.5552403722234265,0.42392413257197764,9.03
0.6125736390568104,0.5569157955436902,0.42493743811930595,9.11
0.6144978956612371,0.5584752286695973,0.4258944823534978,9.19
0.6158622732525845,0.5595298424571976,0.42649283871281757,9.27
0.6171439356326816,0.5605435731439993,0.4270799169716506,9.35
0.6184505770511567,0.561603714010889,0.4277209657837535,9.44
0.6195171687925466,0.5624538989923725,0.4282200326897998,9.52
0.6204534980100669,0.5631750671187501,0.4286364447534113,9.6
0.6214933536377252,0.5640143117264994,0.42914499449989163,9.68
0.622327254400719,0.5646454856864971,0.42949812872473875,9.76
0.6233384943601462,0.5654634724380797,0.4299943459525625,9.85
0.6243510331877947,0.5662685598897351,0.43047645277520985,9.93
0.6247944814522222,0.5665744142145437,0.4306042584740035,10.01
0.6255192087025955,0.5671449252865368,0.43094294235115155,10.09
0.6260748629922896,0.56757781458784,0.4311831524668706,10.17
0.6265783271304062,0.5679652449911308,0.4313989134408099,10.25
0.6273465911757589,0.5685990748791009,0.4317995672512319,10.34
0.6277550098676092,0.5689300831220891,0.4319712533838483,10.42
0.6281493756701834,0.5692225503677968,0.43212699459452086,10.5
0.628725054626415,0.5696704884285198,0.432397125165351,10.58
0.6290561194897633,0.5699241136243489,0.4325305703116686,10.66
0.629340877793746,0.5701387262682082,0.43264395566768576,10.75
0.6297077573686249,0.5704225980629742,0.4328132002124819,10.83
0.6299674780234468,0.5706221580090194,0.432920537971938,10.91
0.6301227333860803,0.5707257112396706,0.43296098072335176,10.99
0.6307513715942341,0.5712539326262918,0.4333121186111243,11.07
0.630791351293857,0.5712184704493619,0.43323667364872037,11.15
0.6309821963468603,0.571367088099771,0.4333091258581117,11.24
0.6315081923729267,0.5718038002905464,0.4335933726500131,11.32
0.6317540688486224,0.5719962305414966,0.43370316487896987,11.4
0.6318058570484244,0.5720459371453981,0.4337313251203389,11.48
0.6321742402689334,0.5723601449174234,0.4339474770984333,11.56
0.6323556286267735,0.5724962583555608,0.4340297079981814,11.64
0.6325529543329168,0.5726560989880932,0.43412719180061476,11.73
0.6326030140682641,0.5726980764098409,0.43412878188630194,11.81
0.6326305740954732,0.5726963106561365,0.4341047643833295,11.89
0.632666324846629,0.5727077537349873,0.4340911115927884,11.97
0.6330410933342566,0.5730237245014943,0.43430213835664555,12.06
0.6331072281249007,0.5730585370423809,0.43430832198696934,12.14
0.6330093526025852,0.5729556962002549,0.43421672012786683,12.22
0.6331156202375219,0.5730331350254573,0.4342562937077413,12.3
0.6332062088879875,0.5730805162203045,0.4342667077197232,12.38
0.6333043648084744,0.5731455240825692,0.43429004279877964,12.46
0.6334767610201671,0.5732850664969323,0.4343530663139583,12.55
0.6334926767093105,0.5732700451856174,0.43431443070462067,12.63
0.6335253209356887,0.573278565250541,0.4342972599126589,12.71
0.6337269281097088,0.5734399661364816,0.4343939327051342,12.79
0.6338075918898894,0.5735042849015561,0.4344087539432767,12.87
0.6338102184159674,0.5734820347070221,0.4343706526647844,12.96
0.6341309639410956,0.5737510928740314,0.434545267451479,13.04
0.6342998780992243,0.5738636828698777,0.4345807499414233,13.12
0.6343008995652226,0.5738320770479816,0.4345221073074702,13.2
0.6344480964030601,0.5739441843035415,0.4345766952781815,13.28
0.634483483263696,0.5739600037465753,0.4345533750996463,13.37
0.6345673201287185,0.5740376222397695,0.4345965015032468,13.45
0.634608235584522,0.574063813764875,0.43459223829869337,13.53
0.6345513459070024,0.5740025074173448,0.4345209977454544,13.61
0.6347977565643983,0.5742000949008336,0.43464200773655526,13.69
0.6350744480773803,0.5744337729371862,0.43478233440162983,13.77
0.6353135976470425,0.5746101038612873,0.4348713110455038,13.86
0.6354714128475631,0.574728759809477,0.4349199237146511,13.94
0.6356272642408554,0.5748439179622538,0.43496910712674436,14.02
0.6356760722099684,0.5748656731812802,0.4349539429422701,14.1
0.6360419080215751,0.5751729589366126,0.43514725743340293,14.18
0.6363954249127847,0.5754705673095382,0.4353343768372569,14.26
0.6365072355544353,0.5755327795239188,0.43534804262290183,14.35
0.6366849601361856,0.575673091609826,0.435419975183717,14.43
0.6367466000146507,0.5757073848768713,0.4354207094207797,14.51
0.6368197211643669,0.5757851619285952,0.4354694654616738,14.59
0.6371575147405948,0.5760758549044205,0.435672346723059,14.67
0.6371116098216532,0.5760133383855295,0.4356138173124774,14.75
0.6371577622458655,0.5760449620665142,0.43562406181552393,14.83
0.6373704558079675,0.5762232846078496,0.43574140111061577,14.92
0.6374146305738777,0.5762420160433617,0.43574021915663463,15.0
0.6374178356456194,0.5762342548622641,0.4357216604880222,15.08
0.637649767417637,0.5764300879542257,0.43585142572834984,15.16
0.6376659287956884,0.5764263428280824,0.4358351872564905,15.24
0.6376553478968408,0.5764069991078101,0.4358093575972148,15.32
0.6377283743991128,0.5764601286272756,0.435835130319962,15.41
0.6378369509659875,0.5765657968961057,0.435907002658126,15.49
0.6378646567440613,0.5765832235557149,0.4359165915125784,15.57
0.6381114711091145,0.5767986260912996,0.4360671124100336,15.65
0.6380525303354447,0.5767374737208303,0.436018075981373,15.73
0.6382120112990662,0.5768739197449304,0.4361102725186281,15.81
0.6381241257149226,0.5767864578173771,0.4360403091090676,15.9
0.6381728746796065,0.576847287589637,0.43608734764086843,15.98
0.6383728781280356,0.577021584601446,0.4362144187211683,16.06
0.6383856523858917,0.577029965781813,0.43621894016302154,16.14
0.6384561670572824,0.57708921151434,0.4362587303771788,16.23
0.6382349260624701,0.5769077136313246,0.4361331257565546,16.31
0.6381490001927661,0.5768283986186186,0.436078297368865,16.39
0.6379565979192011,0.5766554134192191,0.43595399029586396,16.47
0.6378157110683121,0.5765441746089736,0.43588127869888255,16.55
0.6376069560651648,0.5763574973401518,0.435752626260977,16.63
0.6370902111608711,0.5758974944628013,0.4354256185110017,16.72
0.636907062940282,0.5757450833093545,0.4353270265665475,16.8
0.6366127476017771,0.5754842689581517,0.43514979246656416,16.88
0.6365071306849475,0.5754035869318662,0.435106576940798,16.96
0.6362088152575442,0.5751406957256474,0.4349326889603716,17.04
0.6362042063646738,0.575149605951989,0.43495831596822104,17.12
0.6359485757480767,0.5749305464501726,0.4348129493524921,17.21
0.635661268685511,0.5746828815181416,0.4346540516159906,17.29
0.635661873606334,0.5746934965480076,0.4346850608858889,17.37
0.6353791024224733,0.5744537711082095,0.43452733391638854,17.45
0.6352667013044155,0.5743583725998007,0.43448055490655135,17.53
0.6351524029784167,0.5742674511314317,0.43444428156195947,17.62
0.6349100667056924,0.574069274645666,0.4343208709220254,17.7
0.6348762750158251,0.5740427890595233,0.4343289496758892,17.78
0.6346340708041904,0.573843838254672,0.43420280183392057,17.86
0.6346107442972551,0.573824706455847,0.43421605770976524,17.94
0.6345787331483387,0.5738129599393292,0.43422415078657955,18.02
0.6343977811800366,0.5736592104147854,0.43412481861218466,18.11
0.6344127163542278,0.5736710056227802,0.43415709484987364,18.19
0.63451407614081,0.5737763482668816,0.434247029698888,18.27
0.6343537055788984,0.5736398475191868,0.4341586748383464,18.35
0.6343834022459035,0.5736637599469798,0.4341999226966744,18.43
0.6343585013292792,0.5736569338303454,0.43420918506133754,18.51
0.6343892498017019,0.5736905517410903,0.43424311269981486,18.6
0.6342826614297216,0.5736022636338604,0.4341881296219725,18.68
0.6341673027549325,0.573502855270263,0.4341214781494572,18.76
0.6341778760003891,0.5735067483538068,0.4341458675443118,18.84
0.6341938439443625,0.5735350734795557,0.43417864753036234,18.92
0.634179406286854,0.5735274999127641,0.4341815078078872,19.0
0.6341649366393435,0.5735184759605083,0.43418018496905775,19.09
0.6341977911860113,0.5735497696498655,0.43420578192703324,19.17
0.6341861092246787,0.573540370116052,0.4342002999595538,19.25
0.6342286567736469,0.573578103811825,0.4342278207193107,19.33
0.6342195155217348,0.5735694702084371,0.43422084520475707,19.41
0.6342027504000269,0.5735531198246546,0.43420800328189824,19.49
0.6342222684141074,0.573561487883619,0.4342327134492801,19.58
0.6342652379863271,0.5736121506165066,0.43427930101833867,19.66
0.6342566844963711,0.573608468016174,0.43428296846107417,19.74
0.6343201995040002,0.5736675849036551,0.43432925158240177,19.82
0.6344894123193562,0.5738206866012198,0.4344430513796861,19.9
0.6344816709006778,0.5738158174580988,0.4344416241766494,19.98
0.6344762518008045,0.5738109825795267,0.4344390664805937,20.07
0.63440569028138,0.5737476144308653,0.43439346633245446,20.15
0.6344767080585819,0.5738098508001745,0.4344376693890939,20.23
0.6345322903951394,0.5738584266175943,0.43447053000897023,20.31
0.634531085456866,0.5738548038613596,0.4344658748269601,20.4
0.6346288969572544,0.5739392806397335,0.4345244819849604,20.48
0.6347115650055026,0.5740097100668015,0.43457251762589727,20.56
0.634831634875426,0.5741147319659166,0.4346441549089347,20.64
0.6348872218710627,0.5741589774675827,0.43467199968915066,20.72
0.634803295000543,0.5740781379102785,0.434609293751553,20.8
0.6349711944448935,0.574223991575078,0.43470976527901733,20.88
0.6350672660288286,0.5743016628605309,0.4347600646868713,20.97
0.6351476344864324,0.574370078488912,0.434802650178409,21.05
0.6351566606454977,0.574366634131221,0.43479300016752426,21.13
0.6353662135091979,0.5745489116202516,0.43491792897070564,21.21
0.6352485147920985,0.5744308868763697,0.4348245063680647,21.29
0.6353690784897053,0.574523439690758,0.4349019108569058,21.37
0.635380660111026,0.5745302222464688,0.4349073644070167,21.46
0.635470931428011,0.5746100205412418,0.43496412530614276,21.54
0.6356944150821738,0.5748081997600348,0.43510340528631875,21.62
0.6355639390375823,0.5746747270567436,0.43499863668694017,21.7
0.6355733808054459,0.5746781469387356,0.4349944921812804,21.79
0.6357821925637819,0.5748591407091588,0.4351195084824974,21.87
0.6358078511369226,0.5748610070211972,0.4351091667692798,21.95
0.6357925376554763,0.5748412734567037,0.4350849852400477,22.03
0.6358038494072559,0.5748444052981515,0.435079922487506,22.11
0.6361328627333299,0.5751321818190134,0.4352810812939709,22.2
0.6359765956341227,0.5749689905051357,0.4351472302176704,22.28
0.6359945154288023,0.5749759162183012,0.43514071599977544,22.36
0.6360085857985622,0.574980614774569,0.4351354253589679,22.44
0.6359802340792653,0.5749491348777978,0.43510596217203035,22.52
0.6359928682473468,0.5749557375196336,0.43510546441501213,22.6
0.6361301389755326,0.5750735601343592,0.4351858335606938,22.69
0.6360023665126501,0.5749319623577019,0.4350695053049979,22.77
0.6359650044615828,0.5748907960961971,0.4350295950292752,22.85
0.6360887550788918,0.5749947297748237,0.4350969616847377,22.94
0.6360988909811426,0.5749993385769838,0.43509099254430983,23.02
0.6361233435453683,0.5750140251528449,0.4350947455364882,23.1
0.6360762799808782,0.5749669678907046,0.43505530532032183,23.18
0.6362779359877232,0.575143469714214,0.43517827227331285,23.26
0.6363193504724887,0.5751498198912024,0.43516774777432654,23.35
0.6363305772223153,0.5751526919282256,0.43515666695604827,23.43
0.6363589629403634,0.5751688009101112,0.4351588105541826,23.51
0.6361971069185699,0.5750180985396862,0.4350430063333925,23.59
0.6361447715126968,0.5749648570270368,0.43500170898665536,23.68
0.6361556035365058,0.5749739543018403,0.4350060197244196,23.76
0.6362837005221332,0.5750849830021205,0.43508381611889824,23.84
0.6362907271255702,0.5750901551233941,0.43508118069032553,23.92
0.6363187603840152,0.5751096042993622,0.43509058598061645,24.0
0.6363309659220576,0.5751167255877341,0.43509170305063316,24.08
0.6362609386385064,0.5750507489044028,0.4350408338910951,24.17
0.6363907557872632,0.575166372730674,0.4351223382203214,24.25
0.6364933895442126,0.5752555339746109,0.4351852991409769,24.33
0.6365343976460995,0.5752605419367344,0.43517429753450976,24.41
0.6365421985232016,0.5752610488824625,0.4351617670530155,24.49
0.6363862532651531,0.5751133333878848,0.43504645214204596,24.57
0.6364046998530206,0.575122352791584,0.435049575389111,24.65
0.6364151770540234,0.5751290030010566,0.435050933529785,24.74
0.6364274081894196,0.5751365662556566,0.43505344995513046,24.82
0.6364387711397879,0.5751437977103135,0.43505597110984495,24.9
0.6364755978652173,0.5751738329884982,0.4350750939947204,24.98
0.6364735795219627,0.5751757153499021,0.43507111360381034,25.06
0.636486988587733,0.575182388761658,0.435072592204465,25.14
0.6365173820086361,0.5752067045794809,0.4350869816936578,25.22
0.6365274398003222,0.5752127553870104,0.4350886088568907,25.31
0.6364620416646372,0.5751518749886206,0.43504238720551053,25.39
0.6364691396110528,0.5751555912292214,0.4350426507709273,25.47
0.6364780709632175,0.5751611110280511,0.43504440969501845,25.55
0.6364866634467986,0.5751664551648573,0.4350461896643118,25.63
0.6366035758534156,0.5752683555778508,0.4351174996384901,25.71
0.6365103674340333,0.5751840081223938,0.4350560111857372,25.8
0.6362788987461804,0.5749826637364446,0.434912899274419,25.88
0.6362890756491656,0.5749893218992708,0.434923457861235,25.96
0.6362924088498746,0.5749949445189829,0.434930168698784,26.04
0.6362975206977973,0.5749998236972209,0.4349352240131705,26.12
0.6363019602803127,0.5750037520971545,0.434938666251841,26.2
0.6363017677097136,0.5750030445869083,0.4349381812809384,26.28
0.6364623112767617,0.5751451888535447,0.4350399913055171,26.37
0.6365813222438774,0.5752185278609581,0.43507825413760065,26.45
0.636584385782466,0.5752150467015484,0.43506271087361054,26.53
0.6367155297373217,0.5753233812332353,0.4351316202396627,26.61
0.6367169374988096,0.575321041982204,0.43511721966363287,26.69
0.6367596615837592,0.5753504001190515,0.43512982073998774,26.77
0.6367631240087782,0.5753481481050928,0.43512153048893226,26.85
0.636773778822256,0.575352962045797,0.43511993746365796,26.94
0.6367839393262897,0.575358254116914,0.43511973777249935,27.02
0.6367937593797611,0.5753637937614313,0.4351204604189266,27.1
0.636695160865838,0.5752732173327513,0.4350526107625563,27.18
0.6366954119119346,0.5752793538737061,0.4350583070451488,27.26
0.636725757420375,0.5753052912353636,0.43507802750341473,27.35
0.6367338034803256,0.5753104562852063,0.4350804676934266,27.43
0.6365914003582622,0.5751821305724664,0.4349868744276689,27.51
0.6366062667119086,0.575191707691833,0.43499838201426366,27.59
0.6366094582454995,0.5751970134516454,0.4350042438411693,27.67
0.636614800332195,0.5752018448006897,0.4350089261204327,27.75
0.6366545407273769,0.5752371332464568,0.4350347310546844,27.83
0.6366588224091638,0.5752404785096052,0.4350369204020179,27.92
0.6366632779456101,0.5752435768294228,0.4350386778802913,28.0
0.6366675708009484,0.575246439532777,0.4350400709934756,28.08
0.6366717989209929,0.575249146832847,0.4350412283284626,28.16
0.6366617035080421,0.575239047401708,0.435033097291069,28.24
0.6367907566961961,0.5753528581604569,0.43511400767499886,28.32
0.6367966805127293,0.5753552151353565,0.43511400049604204,28.4
0.6368005541275678,0.5753572511582823,0.43511383516377206,28.48
0.6368048353238698,0.5753594963227922,0.4351140391352516,28.56
0.6368089738025581,0.5753617767456339,0.4351143845541534,28.64
0.6368130861741385,0.5753640904078253,0.4351148448450632,28.72
0.6368171318456544,0.5753664007100163,0.435115366428355,28.81
0.6368299262716353,0.5753765392213727,0.4351215620324128,28.89
0.6368131540429062,0.5753738471437768,0.43511637839009265,28.97
0.6368218982616779,0.5753772516297964,0.4351180341028821,29.05
0.636866031693394,0.575415952014466,0.4351446266451413,29.13
0.6368525569016522,0.5754026762654117,0.4351337848073271,29.21
0.6368564837291999,0.5754049641150517,0.4351343043100922,29.29
0.6368604282862944,0.5754072654483612,0.43513490279214984,29.37
0.6368642903349361,0.5754095437629597,0.4351355286729705,29.45
0.6368680920550216,0.5754117957676141,0.43513617045826003,29.53
0.6368718311385139,0.5754140170126926,0.43513681679014515,29.61
0.6369467924385214,0.5754796682733516,0.43518307666122963,29.69
0.6368882623388636,0.5754265077888149,0.43514397880133016,29.77
0.6370154889401025,0.5755387344225517,0.43522377034772863,29.85
0.6371650827946095,0.5756712420643263,0.43531860566933633,29.93
0.6369662051028212,0.5754906180741072,0.4351870323661322,30.01
0.681909703527694,0.6175032831735588,0.481962134800098,30.09
0.7275249133581626,0.6603753191976833,0.5316520677565271,30.18
0.77481581218768,0.7050648724307096,0.5851578212062977,30.26
0.8227731148481043,0.7506849968392532,0.6419007056880757,30.34
0.872481948715174,0.7982378662190152,0.7028430682411392,30.42
0.9226391927754349,0.846581138539185,0.7671709868505311,30.5
0.9736864589873295,0.8961553379292025,0.8354190413214693,30.58
1.0253446177016472,0.9467586396215977,0.9075802017003253,30.67
1.0779779751553473,0.9987210693287237,0.9840780028130247,30.75
1.131407094587007,1.0519098329655594,1.06495803049565,30.83
1.1770053643553877,1.0956408509649402,1.132451471918931,30.91
1.221562209587212,1.1395485996079042,1.2035731990904417,30.99
1.2656421194661513,1.1839159613003067,1.2784584361620746,31.07
1.3100865087005127,1.2293788324869954,1.35779848097275,31.16
1.353220960422287,1.2743067357697546,1.4397504534167294,31.24
1.397752257327691,1.3211315577477691,1.527087753378973,31.32
1.442747307415415,1.368923451565373,1.6187370318234002,31.4
1.487240188754742,1.4167485227653211,1.713642458998493,31.48
1.5334685231560612,1.4666873057828804,1.814363354129412,31.56
1.5787114373691655,1.5161260250517117,1.9176593104760629,31.64
1.6254278098014079,1.5674512872270603,2.0267888241976744,31.73
1.6702506510848383,1.617339031233769,2.137242669916482,31.81
1.7186628912253867,1.6711749869447767,2.2564623212942383,31.89
1.7667716119869636,1.7251182362806112,2.3793357700340487,31.97
1.8154047936070987,1.7799607622290834,2.50699005223984,32.06
1.8612146576593698,1.8324067355549112,2.6346321377499327,32.14
1.9128765178312637,1.8910119058610764,2.775010957422774,32.22
1.9576750606301112,1.9432219042345265,2.9093650171729024,32.3
2.0102719637278352,2.003592269707791,3.0600333114051916,32.38
2.0562518776253866,2.0577595281357484,3.204711826930694,32.46
2.131915025787446,2.1053042538195834,3.283805435862994,32.55
2.175283217248463,2.162831764337306,3.4509603023577977,32.63
2.2228123438692395,2.2244804041647783,3.626956194163669,32.71
2.2890427639868807,2.2760493617814093,3.7148613968772333,32.79
2.3385128834444067,2.3405703267478293,3.913034969221068,32.87
2.409532682794893,2.4100029214778296,4.035511434999034,32.96
2.464119715759891,2.4792356464869885,4.165809697356564,33.04
2.5149921321429365,2.555159750274309,4.320472912570915,33.12
2.555416583839875,2.625843395236849,4.4755335781878465,33.21
2.587389297781513,2.68959957044049,4.626916737532526,33.29
2.6107532953582444,2.744733513931708,4.770009880046229,33.37
2.635031465101236,2.799867436219439,4.9192101326363495,33.45
2.6600225122432883,2.8541684191271535,5.072722000308986,33.54
2.680407989300422,2.901993882263178,5.2187241239237405,33.62
2.703144966511558,2.950434167703969,5.370541469157748,33.7
2.723693789884344,2.995155360603117,5.518990553841906,33.79
2.752217349636069,3.0472465272233458,5.685728252401793,33.87
2.7774122829013987,3.0945491442156356,5.846733612297265,33.95
2.797239460071171,3.134736863334806,5.996726339554533,34.04
2.804009713395386,3.159342525545323,6.117095018165331,34.12
2.835008586269337,3.2110583269276853,6.296417417219868,34.2
2.8464496630471543,3.239255180060727,6.429418238847145,34.29
2.879491387663802,3.29233885751324,6.618334624583294,34.37
2.8894369695627313,3.317926300445986,6.750462464154052,34.46
2.9077407388193177,3.3529482861249735,6.905563271839548,34.55
2.9296865081137238,3.3920196152299176,7.0723986379582415,34.63
2.9468694924798733,3.4252078924280887,7.228625239482567,34.72
2.9653011357028776,3.459918393906657,7.390678167780724,34.8
2.980732199989697,3.490934511017181,7.546704659229871,34.89
2.9977301063378974,3.523806586978104,7.709324481196402,34.97
3.019335008411263,3.5621349558744324,7.887750649981282,35.05
3.022431430433864,3.5777649374108815,8.013255526588072,35.14
3.045512432484397,3.6178492889719256,8.200869159234083,35.22
3.058540102867726,3.645773014416678,8.360853289314745,35.3
3.0695581439992723,3.671105450180679,8.516487939889865,35.39
3.0823311501763895,3.698473980798049,8.679385670812808,35.47
3.1076367250952472,3.741588242088617,8.885337350696645,35.56
3.114102307216406,3.7612827802672713,9.032699262141431,35.64
3.1197957194220742,3.779979044909277,9.179057401441858,35.72
3.1284889161402227,3.8023295813986984,9.337002695595968,35.81
3.155443656631189,3.8477135879187743,9.559847617130771,35.89
3.167978648625483,3.874944387181443,9.735791440778383,35.98
3.1846640845493894,3.9074598670614407,9.928744750732656,36.06
3.1949037329289727,3.931775126124783,10.101035443156023,36.15
3.2045955280429577,3.95538781283857,10.273345853791643,36.23
3.220161605644625,3.986607187148416,10.469623444106029,36.31
3.229046463091115,4.009295982837852,10.643356272317273,36.4
3.244938562059226,4.041150239189058,10.846096464659047,36.48
3.2516793615449093,4.061293186633661,11.016214026602148,36.57
3.2740131161994706,4.101693944751649,11.249438465448524,36.65
3.2869077297514266,4.130021675666986,11.44869735256271,36.73
3.297713169176856,4.1554855795835515,11.641490433855719,36.82
3.309343471460986,4.181786516405484,11.839253932640116,36.9
3.3383762852418086,4.2311870494825605,12.11216911841061,36.99
3.3560728340634807,4.265723729622776,12.3412609125742,37.07
3.364068150618592,4.287487373452506,12.53176796187214,37.16
3.385573685496238,4.327279325068363,12.782851415323844,37.24
3.3963047859040643,4.352716595164983,12.989749043390256,37.33
3.420314996088827,4.3964255597696775,13.259158478157973,37.41
3.432670186993052,4.424398999289645,13.479155681776199,37.49
3.4510650894952377,4.4604836268238595,13.72899730928705,37.58
3.465709543080119,4.491491730078995,13.964336489222674,37.66
3.491800297887776,4.538168896348057,14.256298889254442,37.75
3.518084801529083,4.58510209115205,14.552825935347888,37.83
3.5302640048778695,4.612693515520527,14.78486453130142,37.92
3.552500524009326,4.654272481461236,15.068788956668483,38.0
3.5765802420733666,4.6985008955913905,15.365418315599362,38.09
3.6009047425068417,4.743317708351182,15.667410405777177,38.17
3.6248903356879243,4.787560407165207,15.9709368179802,38.26
3.653782505731339,4.838651127777955,16.303256645249522,38.35
3.6779579025608715,4.883226502067626,16.615223540340608,38.43
3.703967189962319,4.930422763147359,16.94054978960621,38.52
3.732138058119104,4.9805825610425645,17.280942530251743,38.6
3.7585869232743936,5.029437155166916,17.619003824263952,38.69
3.7842784822104014,5.076932220190779,17.955980653102916,38.77
3.812863234367229,5.128367710715615,18.312253729087047,38.86
3.844355902250636,5.183973608403716,18.688980850920906,38.94
3.872699181352102,5.235116955252342,19.052357001595848,39.03
3.9027277974772407,5.288949186303731,19.430217446019213,39.11
3.935606154326795,5.347033486556803,19.82925014813093,39.2
3.9685024073756487,5.405335445175324,20,39.28
4.000607287276818,5.462622181826839,20,39.37
4.035099005457096,5.5232438285891865,20,39.45
4.068265027677579,5.582108864182805,20,39.54
4.101832736529316,5.641380529044767,20,39.62
4.137961218806289,5.70482206601499,20,39.71
4.174413326854402,5.7689441215155925,20,39.79
4.209235063764672,5.830816440224475,20,39.88
4.244494372710476,5.8933989269011935,20,39.96
4.281878754963192,5.959233688388926,20,40.05
4.319890768359557,6.025953247918827,20,40.13
4.3576323225756814,6.092202268480189,20,40.22
4.396798565674378,6.160978274797954,20,40.31
4.436038082051737,6.2296603198640135,20,40.39
4.473035603455067,6.295692380819246,20,40.48
4.514915878014607,6.368915466370046,20,40.56
4.553654124957766,6.437627436406861,20,40.65
4.594504751591805,6.509327582728123,20,40.73
4.634750509872055,6.58022049743309,20,40.82
4.676184107714363,6.652959007699142,20,40.9
4.718158481814211,6.7267490004105674,20,40.99
4.758689080849125,6.798971811144057,20,41.07
4.801121030826803,6.873983193463128,20,41.16
4.843987635893894,6.949719380537238,20,41.25
4.886354882403024,7.024568425967523,20,41.33
4.930138216607265,7.101404870133057,20,41.42
4.974866011541475,7.179758830969841,20,41.5
5.0191260966229665,7.257462043050834,20,41.59
5.062004547474862,7.3330484760466925,20,41.67
5.104785803734451,7.409923714685223,20,41.76
5.149616890856113,7.48965139625716,20,41.84
5.194796268343275,7.569629919397477,20,41.93
5.241108372149039,7.651383483830358,20,42.01
5.285874076157617,7.730673699725685,20,42.1
5.332818334011112,7.813345084329548,20,42.18
5.378816205190894,7.894759400950905,20,42.27
5.425422394999903,7.977517651071853,20,42.35
5.471987281117197,8.060076116073606,20,42.44
5.517775729721447,8.14190228782032,20,42.52
5.565473160105388,8.226628836029375,20,42.61
5.613033437132422,8.31111577085923,20,42.69
5.659176171297442,8.39338951622512,20,42.78
5.707294083452226,8.4791014248728,20,42.86
5.75633511461257,8.566166130839418,20,42.95
5.805073301222108,8.652615574114073,20,43.04
5.854115179505683,8.739443135183512,20,43.12
5.901383636646678,8.823345570528854,20,43.21
5.951852035483887,8.912678013286932,20,43.29
6.00242272247273,9.002308215502191,20,43.38
6.05201241652595,9.090538852530425,20,43.46
6.102274333973727,9.180368258481735,20,43.55
6.15298229249917,9.271127585512849,20,43.63
6.202426883476186,9.359825811418654,20,43.72
6.253749681910068,9.451519425771458,20,43.8
6.303549135772357,9.540654630287163,20,43.89
6.356363654541929,9.634293152629468,20,43.98
6.407529028355669,9.725393823458422,20,44.06
6.460244997446537,9.81874426876213,20,44.15
6.5128934492908215,9.91177967072294,20,44.23
6.56594599739366,10.005685295034366,20,44.32
6.619921362156807,10.101103061894797,20,44.41
6.673766687592264,10.196385544073058,20,44.49
6.728506729597,10.293272212817264,20,44.58
6.783223083216351,10.390349831769626,20,44.66
6.8365843594035,10.485344130145666,20,44.75
6.889739792091626,10.58004237611159,20,44.83
6.942120422758591,10.673618929289585,20,44.92
6.997211546809872,10.771630487408697,20,45.0
7.050699047977034,10.867112154914324,20,45.09
7.105031889334192,10.964398203359607,20,45.17
7.160932710163087,11.06407398956618,20,45.26
7.217703718503402,11.165136965709886,20,45.35
7.271705154578287,11.261886951298347,20,45.43
7.328692293746972,11.36330557776599,20,45.52
7.385331381230302,11.464277353009603,20,45.6
7.440363224041847,11.56267740068671,20,45.69
7.496927772897778,11.663452689057294,20,45.77
7.554431621244728,11.76603843733711,20,45.86
7.611398747350543,11.867597037009444,20,45.95
7.670330456687601,11.972313665372695,20,46.03
7.727814425126912,12.075134342462038,20,46.12
7.785656619779879,12.178395195703843,20,46.2
7.841945063963989,12.278461618960645,20,46.29
7.904131513285568,12.388123756042843,20,46.37
7.963177794192878,12.493798176674852,20,46.46
8.020454835462164,12.596404075296867,20,46.54
8.080212660046195,12.701963472137804,20,46.63
8.142024421132618,12.811096830233918,20,46.72
8.201792725105687,12.91672629600308,20,46.8
8.263229611194173,13.025166400885633,20,46.89
8.322580179119358,13.130676243162752,20,46.97
8.384444595606448,13.240574124451271,20,47.06
8.445475602835561,13.349366237310615,20,47.14
8.507524023996673,13.45980971703131,20,47.23
8.569632934459976,13.57027511686611,20,47.32
8.630980901355622,13.678850542603076,20,47.4
8.693095493900849,13.788105014589627,20,47.49
8.756258714305671,13.899544023330847,20,47.57
8.820154880491089,14.012393550222912,20,47.66
8.883930698034955,14.124728116450816,20,47.74
8.948229758004258,14.237989449453657,20,47.83
9.011420455200339,14.349733493709401,20,47.91
9.074744558723872,14.461473065469058,20,48.0
9.138190440315576,14.573606324139424,20,48.08
9.20252226261412,14.687504003736876,20,48.17
9.271712391490107,14.809981281905593,20,48.25
9.336545010808914,14.922758796876991,20,48.34
9.404156515315503,15.041150040072425,20,48.42
9.467738089166062,15.15362989498988,20,48.51
9.534607760814039,15.27136394086678,20,48.59
9.602303371159643,15.39004218145647,20,48.68
9.666787471223946,15.503901245894419,20,48.76
9.736549261609381,15.626072392621817,20,48.85
9.798473275089998,15.735485562679782,20,48.93
9.867497848630668,15.856503442658806,20,49.02
9.937423307132455,15.979231585354109,20,49.11
10.003329673489208,16.094449538336455,20,49.19
10.07633016643622,16.22215784519693,20,49.28
10.145116809469908,16.342140188703652,20,49.36
10.212189506798044,16.460029459409924,20,49.45
10.283076090966782,16.583929229846035,20,49.53
10.350463825404944,16.701829474859515,20,49.62
10.418262516148461,16.821221170119202,20,49.7
10.494797024709284,16.953912790252218,20,49.79
10.563707241198987,17.074181388509526,20,49.88
10.632643187202893,17.19447850123917,20,49.96
10.471838009368058,16.946527700457594,20,50.05
10.32306739753629,16.71521505984062,20,50.14
10.192361758237999,16.51055485575454,20,50.22
10.073260415425596,16.322467047522608,20,50.31
9.969919083731526,16.158562318195802,20,50.39
9.869562921309383,15.997929607996575,20,50.48
9.787166278376603,15.865990322089704,20,50.57
9.712290178120009,15.744715192313746,20,50.65
9.647328287572055,15.63832665767507,20,50.74
9.58910971968934,15.541684606618134,20,50.82
9.535754471101477,15.45189246280944,20,50.91
9.492219803209851,15.377820957862479,20,50.99
9.454123503080067,15.311833265664905,20,51.08
9.420471558379427,15.252211264393312,20,51.16
9.39516460714314,15.206097866663853,20,51.25
9.368422856600978,15.15669376231966,20,51.33
9.349260202235012,15.1196171386207,20,51.42
9.336208238278928,15.092493197492555,20,51.5
9.326573178367816,15.070244392675352,20,51.59
9.320674612661339,15.053825574451025,20,51.67
9.311960377735863,15.032249862960557,20,51.76
9.301524464831276,15.007274578955291,20,51.84
9.295728901271927,14.98955825803652,20,51.93
9.289798135856836,14.971227120347173,20,52.02
9.287174321770035,14.958138007116396,20,52.1
9.336088835893612,15.029715974508118,20,52.19
9.340228484757088,15.03104975653395,20,52.27
9.341824639652392,15.027241401955862,20,52.36
9.344122777296667,15.023743757638698,20,52.44
9.349347921929644,15.02437456709479,20,52.53
9.356204619109976,15.027210971728508,20,52.62
9.372658349160943,15.04533333374221,20,52.7
9.387542918871738,15.06063810185904,20,52.79
9.403587319780728,15.07784817779,20,52.87
9.417000122924904,15.090856986537611,20,52.96
9.433048519392344,15.108464452382773,20,53.04
9.447313908549841,15.123052286293806,20,53.13
9.46486269366895,15.14307810613731,20,53.21
9.483488052079467,15.16459042715343,20,53.3
9.502587647054971,15.186964400812844,20,53.38
9.524173712898222,15.213415325477493,20,53.47
9.53921210636928,15.228736473724087,20,53.55
9.561647567301314,15.256935854087004,20,53.64
9.581594544169862,15.280386881919704,20,53.72
9.601223239886856,15.303698674762408,20,53.81
9.62341438038611,15.331424505889911,20,53.89
9.643418036039586,15.354842941837598,20,53.98
9.666165247965605,15.383219815385411,20,54.06
9.686953971636227,15.408724626736026,20,54.15
9.708637123379571,15.434745320464888,20,54.23
9.730900773630228,15.462210344018505,20,54.32
9.753854629648917,15.49108917485594,20,54.4
9.774605994978723,15.515940919093978,20,54.49
9.79665630417986,15.54289564975097,20,54.57
9.818237543650548,15.569523169197417,20,54.66
9.83831082155763,15.594008085592467,20,54.75
9.861684975725938,15.623931299208754,20,54.83
9.886217168806455,15.654853033266475,20,54.92
9.907661207858418,15.68132028020685,20,55.0
9.930522574533695,15.710550535487771,20,55.09
9.9502917085919,15.734534081062364,20,55.17
9.97428549010948,15.76573549817575,20,55.26
9.996580360925217,15.793453799059227,20,55.34
10.020412861692694,15.824075905162807,20,55.43
10.034453875074881,15.839198197840219,20,55.51
10.056206733417236,15.867169668123102,20,55.6
10.083762919113537,15.904781570044909,20,55.68
10.104121748582791,15.930276921795572,20,55.77
10.124997190283224,15.956162023811551,20,55.85
10.147795050163335,15.984670777748583,20,55.94
10.170685467925832,16.01377153632599,20,56.02
10.194071209050543,16.043482662468307,20,56.11
10.211943697366898,16.065144147647942,20,56.2
10.23614277785385,16.0968923190937,20,56.28
10.25932097911817,16.126630923639812,20,56.37
10.281365668224911,16.15489158357,20,56.45
10.298643804840198,16.175613349498907,20,56.54
10.317318308827133,16.19895430343941,20,56.62
10.335109414380728,16.221538553328752,20,56.71
10.364225868701466,16.262509372971035,20,56.79
10.383364676898577,16.286464710360644,20,56.88
10.404571163091655,16.313394907383678,20,56.96
10.425367219580961,16.33936919902548,20,57.05
10.444896924096092,16.36402422051382,20,57.13
10.476096219116748,16.407297037628823,20,57.22
10.489544179353336,16.421662754229033,20,57.3
10.511753907285632,16.45043311867406,20,57.39
10.53701444893649,16.483949868282995,20,57.47
10.55388743799215,16.504345578017748,20,57.56
10.573230511980578,16.52936852266465,20,57.64
10.596026945057751,16.560197638191546,20,57.73
10.614067486747771,16.58320606131402,20,57.82
10.63602972617995,16.611990278635243,20,57.9
10.655448888817583,16.636899564784578,20,57.99
10.673221348299588,16.659578780592504,20,58.07
10.695331644324035,16.688635106055372,20,58.16
10.714214524872054,16.713481140329773,20,58.24
10.728216502198924,16.730410309373774,20,58.33
10.7601165086897,16.775503255114156,20,58.41
10.77461280068824,16.793101684273037,20,58.5
10.792603282510195,16.81674225921856,20,58.58
10.809690433106775,16.838645524960512,20,58.67
10.839343491858635,16.880357171520785,20,58.75
10.856503612626847,16.899994446142564,20,58.84
10.874208612837508,16.92173851906566,20,58.92
10.891235353664289,16.94348197706969,20,59.01
10.90923260989291,16.967584363053,20,59.09
10.926850444298326,16.991646273489536,20,59.18
10.950622761245567,17.025270103219498,20,59.26
10.965805564162498,17.044455095293706,20,59.35
10.98535512446488,17.070376618404886,20,59.43
11.00299522735594,17.094093923969048,20,59.52
11.02043232566917,17.116954338282774,20,59.6
11.036921385167929,17.13871158442003,20,59.69
11.057196157335571,17.166439134623502,20,59.77
11.0763578873489,17.192523448164852,20,59.86
11.090352736848917,17.21016696784622,20,59.94
11.110370867166818,17.237863952753433,20,60.03
11.129129984004612,17.262671481401966,20,60.12
11.145482338382788,17.28429629143975,20,60.2
11.159400576031784,17.30280900019518,20,60.29
11.179571359423308,17.330948377748648,20,60.37
11.201546849984203,17.36150010674654,20,60.46
11.21202378507733,17.374163776015553,20,60.54
11.231543482517596,17.401311948766015,20,60.63
11.246184392742196,17.420802331260358,20,60.71
11.263421645684444,17.44456875762756,20,60.8
11.284771497655791,17.473881152720185,20,60.88
11.296298685972634,17.488405527038317,20,60.97
11.308599780260016,17.505152417131224,20,61.05
11.327617152472184,17.53309741816193,20,61.14
11.342914650454599,17.552977127369356,20,61.23
11.366736230275508,17.586826013209794,20,61.31
11.380841713609607,17.605676476421177,20,61.4
11.396660585107046,17.627553825724547,20,61.48
11.410042641873536,17.64549621999685,20,61.57
11.429011538130204,17.672659935750907,20,61.65
11.445137465983553,17.69482282020109,20,61.74
11.457911589735941,17.7118448501039,20,61.82
11.475589949935744,17.73710124548265,20,61.91
11.492500756395192,17.761449883565646,20,61.99
11.50333923868453,17.77516647486835,20,62.08
11.524168493077964,17.805581885721157,20,62.16
11.534251175249121,17.819523892499216,20,62.25
11.550380017694154,17.841867957695236,20,62.33
11.56726564899277,17.865778725555636,20,62.42
11.583302336202951,17.88852524052792,20,62.5
11.596493161279922,17.906772390434522,20,62.59
11.610575028476923,17.926686890305238,20,62.68
11.625633482089963,17.948926519288065,20,62.76
11.639746411696665,17.968275715041138,20,62.85
11.653504235639183,17.98848159413875,20,62.93
11.670562297090553,18.013140663582227,20,63.02
11.681173142684077,18.028000610807368,20,63.1
11.693108773293332,18.04489175640262,20,63.19
11.713506247397605,18.075959217884364,20,63.27
11.72312312571103,18.089251047039262,20,63.36
11.739292769757082,18.11327152591571,20,63.44
11.750064158270437,18.12835523773323,20,63.52
11.762755870621534,18.147595653055333,20,63.61
11.777373548796417,18.169086662504924,20,63.69
11.792821124073143,18.191830716808095,20,63.78
11.805117700344075,18.209281612858117,20,63.86
11.817993512439449,18.228082002117628,20,63.95
11.828898216037658,18.24362831283858,20,64.04
11.84551328075799,18.26878057801934,20,64.12
11.859178158474986,18.289446101387757,20,64.21
11.870370724528229,18.306216267316845,20,64.29
11.880124189659018,18.32093024970548,20,64.38
11.88884387225393,18.333807179233798,20,64.46
11.896056158155817,18.344253290628828,20,64.55
11.90493034042442,18.356446866842855,20,64.63
11.943841602242918,18.415712541094784,20,64.72
11.94920608778171,18.424096698019856,20,64.8
11.950861090266434,18.427203061741665,20,64.89
11.954839095451765,18.43462596947009,20,64.97
11.96683442340973,18.454703537243645,20,65.06
11.975469140280687,18.469743655664622,20,65.14
11.989012946852784,18.491989701133676,20,65.23
12.020286652529112,18.538846083978896,20,65.31
12.033515946274463,18.5552567025641,20,65.4
12.040432358161386,18.564057545551993,20,65.49
12.042504438841265,18.567016907466385,20,65.59
12.048363914757294,18.57701757145784,20,65.67
12.054109136699637,18.58787083604541,20,65.76
12.061151432025259,18.601539369123206,20,65.84
12.076338057687629,18.628453864486588,20,65.93
12.09311735318429,18.656973268575165,20,66.01
12.101740005417385,18.669796771236772,20,66.1
12.116001168436908,18.689867561597527,20,66.18
12.124239886306382,18.700661003713872,20,66.26
12.138612546626497,18.722367471804134,20,66.35
12.148652724771203,18.73871213105971,20,66.43
12.157413631593812,18.753855602288922,20,66.52
12.169528896076457,18.77452054210002,20,66.61
12.178195691573173,18.789526657142304,20,66.69
12.188150836722286,18.805697434107827,20,66.78
12.19154046826067,18.811979263395237,20,66.86
12.203197873849296,18.83126698485597,20,66.95
12.213880625923156,18.84813735357583,20,67.03
12.224268690697421,18.8649892985478,20,67.11
12.23084196336073,18.876391820507205,20,67.2
12.24255244969513,18.89598109693025,20,67.29
12.251082576878082,18.910576864169027,20,67.37
12.259945977138242,18.925589719391315,20,67.46
12.267050773726707,18.938050051873226,20,67.54
12.2803245994986,18.960076114618804,20,67.63
12.286174536121445,18.9705352778695,20,67.71
12.292578635600691,18.98160338332311,20,67.8
12.303400965731427,19.000586435083363,20,67.88
12.311390753838712,19.014838594893035,20,67.97
12.31754203720549,19.025801932039506,20,68.06
12.32533590503917,19.040610448851815,20,68.14
12.331354013756696,19.05173962915312,20,68.23
12.341416195481761,19.069712478091986,20,68.31
12.34757139548105,19.081041668178933,20,68.4
12.354939609996118,19.094921736699437,20,68.48
12.364421019109571,19.111756645035594,20,68.57
12.370494754950968,19.12269919841184,20,68.65
12.377933857453009,19.13701798780094,20,68.74
12.386117907892343,19.152098023378812,20,68.82
12.39190063700471,19.163449420891947,20,68.91
12.399184012123007,19.177540831902387,20,68.99
12.403669001005007,19.186739704474245,20,69.08
12.412976204006853,19.204108456337785,20,69.17
12.421140163625523,19.21958712001728,20,69.25
12.422326460253034,19.22375847163702,20,69.34
12.4253796698648,19.231385418927456,20,69.42
12.442940647212907,19.26070254939483,20,69.51
12.444276192064635,19.266241596330744,20,69.59
12.44713667353432,19.273033929662734,20,69.68
12.453047200778771,19.285228892576654,20,69.76
12.461582378665474,19.301916918468116,20,69.85
12.466236269789281,19.312391888996174,20,69.93
12.472937906067385,19.325921075915385,20,70.02
12.47693919268372,19.335308909992552,20,70.1
12.484730364642134,19.350906997614032,20,70.19
12.487258069961312,19.358229532903387,20,70.27
12.494629621555518,19.372602837649215,20,70.36
12.499515818966342,19.383369794266585,20,70.44
12.505122309515437,19.396126286121348,20,70.53
12.506245821116469,19.400568829223744,20,70.61
12.518954036609031,19.424758328043055,20,70.7
12.519308084989401,19.427228677453744,20,70.78
12.523496389268686,19.43767543552783,20,70.87
12.532070677451474,19.455345554816308,20,70.95
12.530188182498918,19.455669029555672,20,71.04
12.535357596378358,19.467940472679853,20,71.12
12.538641845281798,19.476454745055502,20,71.21
12.545430027768203,19.491175590850133,20,71.29
12.547565053112463,19.49842590057447,20,71.38
12.551081282396447,19.508044620203396,20,71.46
12.55607443911739,19.520190009196405,20,71.55
12.55850523862583,19.52793855397046,20,71.63
12.563935710290007,19.540213489421003,20,71.72
12.567909117016415,19.55021255511012,20,71.8
12.569783460298549,19.557181555969933,20,71.89
12.574103021631249,19.56858101096521,20,71.97
12.581955773899782,19.584568755383103,20,72.06
12.582722148574115,19.58954583021615,20,72.14
12.57839354176479,19.587207573312767,20,72.23
12.59070830990969,19.611116020833222,20,72.31
12.584883382495601,19.606615802250506,20,72.4
12.592068662081314,19.622349539050443,20,72.48
12.596223715096897,19.63373382667578,20,72.57
12.597458613461448,19.640472312013564,20,72.66
12.600143580925666,19.64955698330106,20,72.74
12.60117642754026,19.656033507643794,20,72.83
12.602817974924413,19.663375795447127,20,72.91
12.607066872300452,19.674664231335665,20,73.0
12.606576738594647,19.678723165195915,20,73.08
12.606321474806624,19.683504139991925,20,73.17
12.611842589618355,19.696829723069612,20,73.25
12.611555468562596,19.701558747604505,20,73.34
12.615251760091647,19.712636270772272,20,73.42
12.616412385512,19.71859262376857,20,73.51
12.61817992837609,19.72710587501882,20,73.59
12.622278518676541,19.739233051086188,20,73.68
12.621359021176348,19.74128948228255,20,73.77
12.61517138929342,19.737084512654633,20,73.85
12.631353487341839,19.769723938078695,20,73.94
12.623591870908331,19.760911290147128,20,74.02
12.624659138856035,19.767934599329035,20,74.11
12.627158163877677,19.778829008823585,20,74.19
12.63448550194488,19.794543296192597,20,74.28
12.625028812157172,19.78490708871012,20,74.36
12.630115819370369,19.799717554744596,20,74.45
12.627519670023181,19.801448175505158,20,74.53
12.63098336363723,19.811580979846433,20,74.62
12.631015228148318,19.817848959871895,20,74.7
12.629079568778108,19.821096985731128,20,74.79
12.629321994965995,19.82633311935372,20,74.87
12.631774849247961,19.836262961693798,20,74.96
12.628127540952004,19.836066296259848,20,75.04
12.628737540160495,19.843216842287866,20,75.13
12.630676651046034,19.85237261006336,20,75.21
12.629842839963297,19.857476279394135,20,75.3
12.625098392710225,19.855298503034977,20,75.38
12.629658295897055,19.868564535281674,20,75.47
12.625747582511957,19.86836916532749,20,75.55
12.627937637183937,19.87798243906157,20,75.64
12.620470387235848,19.87262939750619,20,75.73
12.625298130519058,19.886827962144444,20,75.81
12.621653622306033,19.887558688211925,20,75.9
12.621716258076514,19.894080495833656,20,75.98
12.61870047754112,19.895626725419987,20,76.07
12.617874043984575,19.90068144759063,20,76.15
12.616092081793724,19.9041132995171,20,76.24
12.613931472713363,19.906989069768684,20,76.32
12.61473575903313,19.915569253428558,20,76.41
12.613528829998515,19.92045621827854,20,76.5
12.612786999693705,19.92574260614012,20,76.58
12.608659328211663,19.925528979955228,20,76.67
12.607210812466056,19.92931025531933,20,76.75
12.607295830277918,19.936353292961748,20,76.84
12.602487085539144,19.936008481628523,20,76.92
12.59844190114619,19.93651825156298,20,77.01
12.598523639588398,19.94349091241593,20,77.09
12.596386164236092,19.9473695520471,20,77.18
12.59308437575222,19.948684067735325,20,77.26
12.5892531356559,19.94963472108333,20,77.35
12.58790976632465,19.955088063546395,20,77.44
12.581141243422454,19.951719029020143,20,77.52
12.581033411239245,19.958398258006152,20,77.6
12.57689368456657,19.959412076364792,20,77.69
12.574760264178556,19.962532126788545,20,77.78
12.571662663859845,19.96536860394332,20,77.86
12.568930693876988,19.967650740492985,20,77.95
12.569531744573034,19.976774158556516,20,78.03
12.55820015133868,19.96508305203593,20,78.12
12.560798649737933,19.97762251145026,20,78.2
12.553402172221686,19.97238760129323,20,78.29
12.550310066686933,19.97607803436052,20,78.37
12.543896824500308,19.972273759946862,20,78.46
12.545645642232843,19.983670465650746,20,78.54
12.537073118682962,19.976706287275377,20,78.63
12.536682025501445,19.984939979930964,20,78.71
12.529078399836068,19.97974403651657,20,78.8
12.526606776504778,19.9844446812797,20,78.88
12.520983235109252,19.982530995463602,20,78.97
12.517436827274576,19.985477036004017,20,79.05
12.517370367923462,19.99286384247812,20,79.14
12.508675155555753,19.987050490542014,20,79.22
12.506280580395696,19.990801866325832,20,79.31
12.50119527888776,19.99121105450935,20,79.39
12.496147687477116,19.991072205313024,20,79.48
12.489897646025105,19.989095266288523,20,79.56
12.484104046538844,19.98752224139239,20,79.65
12.479458121885237,19.98872765251781,20,79.73
12.473444237069891,19.986711918498916,20,79.82
12.467335564970332,19.985066359761404,20,79.9
12.461242114172943,19.983728236560484,20,79.99
12.36782492943555,19.81579212991205,20,80.07
12.27768412822444,19.65390460003979,20,80.16
12.192077396160288,19.499836904632676,20,80.24
12.10516681669546,19.344150409070856,20,80.33
12.0247942028513,19.20011862829296,20,80.41
11.943084930638895,19.054928443085092,20,80.5
11.868055425806423,18.9203604109258,20,80.59
11.790878802555014,18.78224867225523,20,80.67
11.716356806407118,18.64951800488146,20,80.76
11.64838761142697,18.526847215677826,20,80.84
11.57695743041952,18.39847517516731,20,80.93
11.51024034569287,18.278715776186882,20,81.01
11.446664672215459,18.163588880099137,20,81.1
11.377769671618188,18.039466460871886,20,81.18
11.317666751740148,17.930150638540667,20,81.27
11.25502874454442,17.816217349541816,20,81.35
11.196579630321281,17.709754378860637,20,81.44
11.140054540425025,17.605772873181788,20,81.52
11.080436020315952,17.496433506599008,20,81.61
11.024603900102855,17.39403781917946,20,81.69
10.966831011767677,17.287907240845207,20,81.78
10.912864024998907,17.188614245672248,20,81.86
10.858673413655021,17.08838740485722,20,81.95
10.800691348217427,16.9817030846164,20,82.04
10.747431381699606,16.88323760749379,20,82.12
10.693436471104624,16.78317133273291,20,82.2
10.642203497030184,16.68845153452724,20,82.29
10.591036856371534,16.593390979704484,20,82.37
10.539457116418486,16.49748176794172,20,82.46
10.489877885524711,16.405660750807012,20,82.54
10.43464101793633,16.304536222202685,20,82.63
10.386208298520446,16.215127028212173,20,82.71
10.337626613307098,16.125306217685075,20,82.8
10.286452309275544,16.03101100865736,20,82.88
10.23807956923492,15.94194867296082,20,82.97
10.189314424755956,15.85184023344926,20,83.05
10.139778394076554,15.761134211254637,20,83.14
10.089913911837833,15.669329665607965,20,83.22
10.040082647769985,15.57781097463954,20,83.31
9.9910623029388,15.487419584932201,20,83.39
9.944905365549099,15.401305120596813,20,83.48
9.89348266333249,15.307183503193965,20,83.56
9.845014947057994,15.217484885637624,20,83.65
9.796457318756469,15.127584562230401,20,83.73
9.748952127617674,15.039585171159064,20,83.82
9.70474486116682,14.956595321604985,20,83.9
9.656077945562759,14.866931392092654,20,83.99
9.60948593877957,14.7807034378959,20,84.07
9.566217021773195,14.699526840726845,20,84.16
9.521534487240624,14.616613744038105,20,84.24
9.472939531537499,14.527790675559471,20,84.32
9.431439664559953,14.450057969194198,20,84.41
9.386496071691447,14.367707147958612,20,84.49
9.341510134120185,14.285366064435081,20,84.58
9.29781015206952,14.20539628214781,20,84.66
9.250750633640932,14.120350102476523,20,84.75
9.20567952928234,14.038004201921362,20,84.83
9.1592528025114,13.95376707873209,20,84.92
9.112897835499894,13.870025982365462,20,85.0
9.068084954503966,13.787688530713163,20,85.09
9.021953823377773,13.703743171877868,20,85.17
8.975536507309887,13.61978118887408,20,85.26
8.92618558778146,13.530351374325292,20,85.34
8.880836503489826,13.447634935240744,20,85.43
8.837330782338507,13.36809017099246,20,85.52
8.792469036416238,13.285802128229726,20,85.6
8.746994576047316,13.203322434802349,20,85.69
8.705428738884978,13.126936967579812,20,85.77
8.660717886946111,13.045300994912465,20,85.86
8.616453142596493,12.96510217219136,20,85.94
8.57509674707897,12.889235989609494,20,86.03
8.53356613185017,12.813050946515311,20,86.11
8.494043363805952,12.74091567322269,20,86.19
8.451998013491636,12.66502582313439,20,86.28
8.41084695581095,12.59090445233918,20,86.36
8.368877538166805,12.516188615056276,20,86.45
8.32386674851093,12.435689018480026,20,86.53
8.278649909921818,12.355410976736158,20,86.62
8.236506793737721,12.280106849625337,20,86.7
8.191807685974068,12.199890172076056,20,86.79
8.147454794510617,12.120774218096713,20,86.87
8.105486200671464,12.04562341057584,20,86.96
8.05746007057126,11.96038810445082,20,87.04
8.014023114427879,11.882659398122765,20,87.13
7.9733715585118645,11.809430489224555,20,87.21
7.929207610316323,11.73028439685895,20,87.3
7.885715088367608,11.652847764173245,20,87.38
7.845700277947388,11.580739860702307,20,87.46
7.802038995304408,11.502740488374325,20,87.55
7.760585558878885,11.428732332276017,20,87.63
7.719923530118428,11.35520927260967,20,87.72
7.680794867700763,11.284603957245357,20,87.8
7.6468476445961775,11.222556770541448,20,87.89
7.605805581458548,11.149417503885587,20,87.97
7.565917400056604,11.0792795262936,20,88.05
7.528281250905037,11.013183429815028,20,88.14
7.484449596504563,10.936750559115398,20,88.22
7.441265052231962,10.861707468890284,20,88.31
7.4010877566915125,10.791425556253344,20,88.39
7.358679312673685,10.71681739881038,20,88.47
7.315606463167505,10.64170969055234,20,88.56
7.276643834989447,10.57312830630562,20,88.64
7.231379305102649,10.494248542731091,20,88.73
7.190180594441915,10.421899056847845,20,88.81
7.151560827010568,10.3536297211358,20,88.9
7.109827181881019,10.280228503250981,20,88.98
7.071750968687945,10.212860854197128,20,89.06
7.030266697411285,10.139756261699567,20,89.15
6.989055139357392,10.067705941666963,20,89.23
6.950770671584212,10.000505292334726,20,89.31
6.910327756042243,9.929383129084348,20,89.4
6.873007135492058,9.863463216532113,20,89.48
6.84090880059587,9.805844087776336,20,89.57
6.802531353571752,9.738570020660907,20,89.65
6.764583533085894,9.673117364636699,20,89.74
6.729727776850298,9.6129125665592,20,89.82
6.688299147614825,9.542193215496741,20,89.9
6.648279601157234,9.473879785704275,20,89.99
6.609517627134884,9.407575616830709,20,90.07
6.569625678477562,9.338806234401762,20,90.16
6.530999359893852,9.272302231746178,20,90.24
6.492704412266296,9.206058602471742,20,90.32
6.4502298875442,9.133663631588394,20,90.41
6.4138744003617845,9.070544943348526,20,90.49
6.375445309237529,9.003811476017683,20,90.58
6.3357821884169425,8.935846655717423,20,90.66
6.300568713538739,8.874781019456226,20,90.75
6.261625265917099,8.80767559787898,20,90.83
6.223125029542643,8.741764981987123,20,90.91
6.186920416111558,8.679605972512778,20,91.0
6.149221560738548,8.614646620107196,20,91.08
6.114354017533164,8.55428378090209,20,91.17
6.083243660028319,8.49985987118238,20,91.25
6.0473182735167805,8.438032581000531,20,91.34
6.013333047524852,8.380062925141818,20,91.42
5.979420951059319,8.322725202329647,20,91.5
5.941346001416909,8.259018176678502,20,91.59
5.906669270677568,8.200442367607005,20,91.67
5.868767981596122,8.136632264949704,20,91.75
5.83198337886835,8.074663237203342,20,91.84
5.79775786151397,8.016631395587586,20,91.92
5.760984105335888,7.954393977449396,20,92.01
5.721677792280666,7.888919776355019,20,92.09
5.687326751519984,7.830761831532274,20,92.18
5.652451490537198,7.771312404877295,20,92.26
5.616910614720836,7.711383345761988,20,92.34
5.583854040685781,7.655353497764603,20,92.43
5.549424879068979,7.596819370827132,20,92.51
5.515128393785457,7.538946205091447,20,92.6
5.482511361220412,7.483758834047603,20,92.68
5.446747834596576,7.423693151667561,20,92.76
5.416365844471262,7.371609464131951,20,92.85
5.388085593659468,7.322812850959602,20,92.93
5.354175119222331,7.265898009013812,20,93.01
5.324897107744626,7.216241208518363,20,93.1
5.2941337557646175,7.16466419305697,20,93.18
5.25981612776725,7.108391704889457,20,93.27
5.229065456658175,7.057288527355284,20,93.35
5.194899435493939,7.0008793959330635,20,93.44
5.163132435697097,6.947972045500803,20,93.52
5.133969341038765,6.898905658478081,20,93.6
5.1004297671978085,6.843283474308163,20,93.69
5.065355057567601,6.7858402172949415,20,93.77
5.036223666144655,6.736839086850739,20,93.86
5.00418145422624,6.683367776764674,20,93.94
4.97539959981971,6.6347769805929655,20,94.02
4.9468750240231545,6.586642125723941,20,94.11
4.918441506133138,6.538438124027447,20,94.19
4.890784394205175,6.491690337361642,20,94.28
4.860746785907692,6.44167014750925,20,94.36
4.830754342341761,6.391691310049882,20,94.44
4.8068388459033535,6.350353824243424,20,94.53
4.78296317557358,6.3090380534994335,20,94.61
4.753416153339543,6.260289933725924,20,94.7
4.728999600591045,6.218985842630099,20,94.78
4.700313143462609,6.171946422907121,20,94.87
4.674334768378324,6.128841129636206,20,94.95
4.650072727387121,6.0882393709927545,20,95.03
4.62095437530005,6.04063139888388,20,95.12
4.5973976694169405,6.000651855986456,20,95.2
4.5740714397833395,5.961106819262787,20,95.29
4.5462970210984075,5.915482246391974,20,95.37
4.520779353728643,5.872792372394576,20,95.46
4.491945689508798,5.8257843141521155,20,95.54
4.46545944429783,5.781851631788029,20,95.62
4.447520821235413,5.749425090948224,20,95.71
4.4262160806919795,5.71260796596212,20,95.79
4.401480705257076,5.671168665627662,20,95.87
4.386399526700366,5.642720176662852,20,95.96
4.36332177176933,5.603702711803383,20,96.04
4.33971279012644,5.5640208625245355,20,96.13
4.322881556910045,5.533545014886653,20,96.21
4.30701078226254,5.504349145376232,20,96.29
4.286022017105469,5.4686462098665265,20,96.38
4.268238656080219,5.437450413091255,20,96.46
4.2430210937283785,5.396571264611331,20,96.55
4.224224649453346,5.364261172911531,20,96.63
4.209466901848035,5.337238041815193,20,96.72
4.194377226720483,5.309640662012306,20,96.8
4.172470288390094,5.273262667371833,20,96.88
4.1596782668446775,5.248564221752314,20,96.97
4.133722359247714,5.206971712305948,20,97.05
4.123816108988081,5.186024105840364,20,97.14
4.096631577265956,5.14285401016992,20,97.22
4.077661673299951,5.1102235241531275,20,97.3
4.0708568137802095,5.093210924322264,20,97.39
4.060192841671023,5.071469025712604,20,97.47
4.05153352026433,5.052169235129003,20,97.56
4.028570099809283,5.014699530680314,20,97.64
4.0206993658558465,4.996599455656017,20,97.73
4.000487458965636,4.962663975072035,20,97.81
3.9949533802684165,4.947760266757763,20,97.89
3.9872083102656597,4.929937131500588,20,97.98
3.9702101622886827,4.9005014456676195,20,98.06
3.9651568807546935,4.886436450328971,20,98.14
3.9561904931626377,4.867404372758269,20,98.23
3.938305943589578,4.837302519525162,20,98.31
3.9160202566639537,4.801571201330218,20,98.4
3.918268377229063,4.796852993295523,20,98.48
3.90091134664294,4.767283076326762,20,98.57
3.8996975341746953,4.7578784676490695,20,98.65
3.8884955210192906,4.7359568582679685,20,98.73
3.8766971939838863,4.713235685800747,19.795415103285727,98.82
3.8614420911874787,4.686092634103733,19.524421165023686,98.9
3.8506723312306947,4.664758032703157,19.282040664013863,98.98
3.8383165590561314,4.64149942404009,19.032974861108197,99.07
3.8325618196328874,4.6264585807321685,18.82252404109901,99.15
3.8346385871847115,4.621013340190814,18.655874084965344,99.24
3.8241514769825566,4.600029415153601,18.421927177308103,99.32
3.8178358714456095,4.5843048966095905,18.2126193803562,99.4
3.798674121088774,4.552785778779624,17.93670573262964,99.49
3.799324725511376,4.5458710063416925,17.768347876592628,99.57
3.799348174115442,4.538098425595426,17.597122172709245,99.65
3.7946841412909835,4.524621873278354,17.402741436579632,99.74
3.773153568913762,4.490612526710706,17.12415798125264,99.82
3.7736368479412183,4.483406203439813,16.95902768552302,99.9
3.759325926267181,4.458254410084078,16.72135231355271,99.99
3.7406648397867923,4.42806129083092,16.46524515230939,100.07
3.7420595575476874,4.422179603129358,16.30962818210413,100.16
3.741583771072872,4.413849060011008,16.14518126377254,100.24
3.736930965414266,4.400328183070566,15.961340704946986,100.32
3.7287602230854566,4.382633057774736,15.762538419781283,100.41
3.720018232668333,4.364336281885859,15.563059172794945,100.49
3.7135557157845343,4.348419849206122,15.374338185445552,100.57
3.6944264146656676,4.317471050185804,15.129782266561675,100.66
3.683258115258632,4.296224674891349,14.92444818007418,100.74
3.6789702050242274,4.283199238402252,14.75184079605404,100.83
3.6683667032761837,4.262607286599525,14.552314393125457,100.91
3.670817522731474,4.257436685934411,14.411167716724492,100.99
3.6549617226066893,4.230837295448903,14.192522875921613,101.08
3.6441959316650423,4.21031117451221,13.99809061400654,101.16
3.6177155748799006,4.17107740893378,13.73821463716009,101.24
3.6158422875465734,4.160944298210615,13.584348042957192,101.33
3.616254398169838,4.153679032683466,13.44143595677927,101.41
3.6017604909666834,4.129133834953639,13.239210613399882,101.49
3.5870913445687704,4.104013291884929,13.036816439483097,101.58
3.569567575696854,4.075824478482473,12.826031644534346,101.66
3.5688501029247575,4.067351856887286,12.684104780360025,101.75
3.547064315146063,4.034584467284918,12.461913641000876,101.83
3.543675786555566,4.022547498129088,12.310826926592988,101.91
3.5059477918153927,3.9711729387180155,12.03197271750476,101.99
3.500720528673723,3.9574514291946032,11.879012827695378,102.08
3.5033188775398214,3.952767665881873,11.756423671635956,102.16
3.4775015097162782,3.9149937439881883,11.528867311428384,102.24
3.4511701128563432,3.8769898624401566,11.30342850989617,102.33
3.424928060801261,3.8393814426150583,11.082030661784003,102.41
3.405629427347888,3.809853479777823,10.888321761117393,102.5
3.390786310909133,3.78496682106451,10.710611535018256,102.58
3.3718997695840853,3.755806719072599,10.521788116900263,102.66
3.3469626682238967,3.7200292911776014,10.315504420084233,102.74
3.3374759419119315,3.7018546160925467,10.163564408275267,102.83
3.3018931933442874,3.654016660193961,9.925940867869148,102.91
3.26604725094644,3.606189524526717,9.691831850017698,102.99
3.241298629734317,3.5710901770353245,9.49715867942367,103.08
3.225584870136615,3.546269161221215,9.333864824976487,103.16
3.207218485410671,3.518189873488678,9.16291846477578,103.24
3.1916085710278805,3.4933291017990435,9.003075224583139,103.33
3.1663116606918713,3.457995694892081,8.816297833085871,103.41
3.1249941631467517,3.4051765091639616,8.584645729759998,103.49
3.08964388329391,3.3587647058531465,8.373463121793227,103.57
3.0655053470071625,3.3248852724187747,8.198298041545591,103.66
3.0378656735113854,3.287364222304162,8.015960167174189,103.74
3.0101889663368295,3.2499223085779665,7.836192863199331,103.82
2.9833586507532255,3.2134100405212584,7.660963079603872,103.9
2.9466800799237856,3.1662896525899185,7.461398533697746,103.99
2.900911948445864,3.10959354824114,7.241116756037577,104.07
2.867064181061915,3.06595479314434,7.0562690833607435,104.15
2.825864658361926,3.0145416559578098,6.855157536512897,104.23
2.798434662774736,2.9780645986110645,6.692989560581119,104.32
2.7684350916841973,2.9390409959325594,6.526939402707595,104.4
2.724083438692132,2.884751116109406,6.327701437936165,104.48
2.6900239508502826,2.8416305458499056,6.157237933262394,104.56
2.632775442982218,2.7742074067197198,5.934110410733732,104.65
2.6039712550621914,2.7370402073748705,5.782811515640775,104.73
2.574731291968258,2.6996990593121253,5.633323719315276,104.82
2.53575851925433,2.652125105786702,5.463720347426067,104.91
2.497150167016938,2.6051141774251123,5.2979599746172426,104.99
2.4571109182333895,2.5568428932438976,5.132392440427614,105.07
2.4105384464885833,2.501950049956807,4.955613327128951,105.16
2.360756819686842,2.443867817322583,4.775398221535546,105.24
2.3252184972711456,2.4009298469471947,4.629337789664834,105.32
2.288043163918318,2.35639701122028,4.4824630248057,105.4
2.2444011294555826,2.3053364922610338,4.325105211000147,105.49
2.201770416079032,2.2556699816383246,4.173305468789267,105.57
2.1583903613734927,2.205408296563406,4.023146813883892,105.65
2.111022080246168,2.151271880077219,3.868444491065084,105.74
2.067320776860308,2.101180871464244,3.7242268947253487,105.82
2.0242617835127463,2.0518774987712884,3.58425708220494,105.9
1.981909338535966,2.0036397741979948,3.4488207024606075,105.98
1.9423651662186203,1.958404190657105,3.3214265884757297,106.06
1.8989858769499601,1.909478032227635,3.1898933034795713,106.14
1.852571994654968,1.8577503870739107,3.0562818129394733,106.23
1.8111724415296915,1.8112541467365064,2.9341764370228045,106.31
1.7689104039464614,1.7640808293586256,2.8134642933668785,106.39
1.76221121674833,1.732343817361629,2.749095206887136,106.47
1.7347236503266108,1.6875675696797663,2.6563214710795076,106.56
1.7029437788556416,1.6439525055777922,2.56106956664648,106.64
1.6666971403255044,1.5996008382487075,2.4619135044256275,106.72
1.6265449735800248,1.5540730351891034,2.3596030213876937,106.8
1.586599979597609,1.5104352684764608,2.2599047185294356,106.88
1.5496687849424575,1.470779798001021,2.1665578140523447,106.96
1.5120676729275253,1.4312631373794897,2.074021479931439,107.05
1.4734292416302304,1.391354552610296,1.9819946385017904,107.13
1.4383036424228688,1.3551357966548858,1.8966767414471828,107.21
1.4033524830425668,1.319386807697664,1.8134508099975288,107.29
1.3685974071535432,1.28403795429995,1.7323133251363163,107.37
1.334490969624473,1.2494675357110427,1.6538801835344357,107.45
1.3012215123548208,1.2158148725101392,1.578353821590781,107.54
1.2691275850980335,1.18338378906151,1.506130824737024,107.62
1.2361894064017216,1.1502714884846947,1.434703139060984,107.7
1.2033225971089865,1.1174043240636646,1.3654422298137858,107.78
1.1713073051193563,1.0854676824437344,1.299145064364047,107.86
1.1377764575162708,1.0522710761976657,1.2331092210514145,107.94
1.1064223697043114,1.0211762361679138,1.1713297585116023,108.03
1.0739490526937632,0.9892045373862374,1.11028949422266,108.11
1.0679133969198649,0.973498016114974,1.0618220706392578,108.19
1.045524920120576,0.9494740489497707,1.0079537444499977,108.27
1.0128342803846582,0.9200220114314928,0.9520621127835441,108.35
0.937860926502782,0.8880133563440165,0.7438268893859468,108.43
0.9088964608150459,0.8573704973144767,0.7057543698609069,108.52
0.8803200554122781,0.8273284539089848,0.6683479340561336,108.6
0.8522571173296802,0.7979967288880967,0.6319921643692232,108.68
0.8238803261169982,0.7686085542597167,0.5962885997429724,108.76
0.7960561424099428,0.7399823605208979,0.5620247195948326,108.84
0.7684852881943852,0.7118180120026918,0.5290226624247052,108.92
0.7411690227489623,0.6841289668957465,0.4973677397620871,109.0
0.7141747705294892,0.6569655899666411,0.46710581687834984,109.08
0.6875230528163111,0.6303484109281939,0.4382613029908606,109.17
0.6610575425794711,0.6041106602143527,0.41070572673390504,109.25
0.6350682981335467,0.5785389882548512,0.38463286916958483,109.33
0.6093774695231653,0.553434843354257,0.35985850739835085,109.41
0.5842224573915027,0.5290312538496947,0.3365215282979741,109.49
0.5596210457083179,0.5053121520507332,0.31454434968370876,109.57
0.5352631530058132,0.48200630489103274,0.29374939589835014,109.66
0.5113155707427619,0.45925553810700864,0.2741820789919777,109.74
0.48803975204041145,0.4372851724485246,0.2559222715030935,109.83
0.4654171307628209,0.41605577810700034,0.23888078680317223,109.91
0.4432096358333123,0.3953626285551205,0.22293003888028762,109.99
0.44035657780465587,0.39288799295126386,0.22149014707430942,110.07
0.4379356662714999,0.39082954008257603,0.2203369330013561,110.15
0.4354916103262,0.38877602478922124,0.21924858089150187,110.23
0.43329437029423756,0.3869663059466,0.21834071801661029,110.31
0.4314815571271856,0.3855094141226032,0.21764020041116997,110.39
0.4295471261787519,0.38394483526435685,0.21690678823376733,110.47
0.42795588531824724,0.38268820549323446,0.2163448981345302,110.55
0.42636843484249193,0.38142665709900114,0.21578852501749846,110.63
0.424961207226092,0.3803244206806786,0.21532116530933731,110.71
0.42368455348355005,0.37933112354206383,0.2149090385405869,110.79
0.42243855135897157,0.3783509616680137,0.21449830444355258,110.87
0.421545203041501,0.3776686570965203,0.21422353025531354,110.95
0.4206521129247557,0.3769828767887221,0.21394998231384058,111.03
0.4197861678305104,0.37631751460523655,0.21368793790131876,111.11
0.41904577665541387,0.37575612589521024,0.21347289712673134,111.19
0.4181959438143821,0.37509416116002037,0.2132097905925225,111.27
0.4174565498352967,0.37452455467158285,0.21298895380893856,111.36
0.4167255024345504,0.37395995640195695,0.21277070107263502,111.44
0.41616133909797887,0.3735421490199936,0.2126235304967017,111.52
0.41566351428897824,0.37317474100815595,0.21249475731016687,111.6
0.41511223121004026,0.3727532918295366,0.21233552735374855,111.67
0.4146590855428421,0.37242247182788746,0.2122237922569727,111.75
0.414289429548825,0.3721561403385076,0.21213559520593417,111.83
0.41395040012231865,0.37191077548135465,0.21205338555099992,111.91
0.4135744577467628,0.37162792076515005,0.2119502111886419,111.99
